{
    "connection_1622138536503": {
        "Device": {
            "-MaizR8Cda2aqbC6Nbqt": {
                "Browser": "Chrome",
                "IsMobile": true,
                "UserAgent": "Mozilla/5.0 (Linux; Android 5.0; SM-G900P Build/LRX21T) AppleWebKit/537.36 (KHTML, like Gecko) Chrome/90.0.4430.212 Mobile Safari/537.36"
            }
        },
        "Device_Orientation": {
            "-MaizR9Djj37ny6jzxCB": {
                "Absolute": false,
                "timestamp": 1622138536589
            }
        },
        "SwipeGesture": {
            "-MaizRN9gF5D2dPy5KXq": {
                "X": [
                    0,
                    0.03968253968253968,
                    0.07142857142857142,
                    0.11507936507936507,
                    0.17857142857142858,
                    0.26587301587301587,
                    0.38095238095238093,
                    0.49603174603174605,
                    0.623015873015873,
                    0.7738095238095238,
                    0.9325396825396826
                ],
                "Y": [
                    0,
                    0.037037037037037035,
                    0.06481481481481481,
                    0.1111111111111111,
                    0.16666666666666666,
                    0.2222222222222222,
                    0.25925925925925924,
                    0.32407407407407407,
                    0.39814814814814814,
                    0.48148148148148145,
                    0.5555555555555556
                ],
                "swipeID_abs": 1,
                "swipeID_rel": 0,
                "timestamp": [
                    1622138537991,
                    1622138538020,
                    1622138538028,
                    1622138538036,
                    1622138538044,
                    1622138538050,
                    1622138538058,
                    1622138538066,
                    1622138538074,
                    1622138538082,
                    1622138538090
                ]
            },
            "-MaizRkxSnfsxLVeT3_E": {
                "X": [
                    0,
                    0.031746031746031744,
                    0.047619047619047616,
                    0.06746031746031746,
                    0.0992063492063492,
                    0.14682539682539683,
                    0.21428571428571427,
                    0.2896825396825397,
                    0.34523809523809523,
                    0.40476190476190477,
                    0.4603174603174603,
                    0.5198412698412699,
                    0.5674603174603174,
                    0.6150793650793651,
                    0.6626984126984127,
                    0.7063492063492064,
                    0.7380952380952381,
                    0.7619047619047619,
                    0.7698412698412699,
                    0.7738095238095238,
                    0.7777777777777778,
                    0.7777777777777778,
                    0.7777777777777778
                ],
                "Y": [
                    0,
                    0.046296296296296294,
                    0.05555555555555555,
                    0.06481481481481481,
                    0.07407407407407407,
                    0.08333333333333333,
                    0.10185185185185185,
                    0.1388888888888889,
                    0.14814814814814814,
                    0.14814814814814814,
                    0.14814814814814814,
                    0.14814814814814814,
                    0.1388888888888889,
                    0.1111111111111111,
                    0.10185185185185185,
                    0.09259259259259259,
                    0.08333333333333333,
                    0.07407407407407407,
                    0.06481481481481481,
                    0.05555555555555555,
                    0.05555555555555555,
                    0.046296296296296294,
                    0.046296296296296294
                ],
                "swipeID_abs": 2,
                "swipeID_rel": 0,
                "timestamp": [
                    1622138537991,
                    1622138538020,
                    1622138538028,
                    1622138538036,
                    1622138538044,
                    1622138538050,
                    1622138538058,
                    1622138538066,
                    1622138538074,
                    1622138538082,
                    1622138538090,
                    1622138538098,
                    1622138539447,
                    1622138539484,
                    1622138539492,
                    1622138539500,
                    1622138539508,
                    1622138539514,
                    1622138539522,
                    1622138539530,
                    1622138539538,
                    1622138539546,
                    1622138539554,
                    1622138539562,
                    1622138539568,
                    1622138539576,
                    1622138539584,
                    1622138539592,
                    1622138539602,
                    1622138539608,
                    1622138539616,
                    1622138539624,
                    1622138539630,
                    1622138539650,
                    1622138539678
                ]
            }
        },
        "Touchscreen": {
            "-MaizRLb5jLWOnxSe3ee": {
                "X": 39,
                "Y": 822,
                "event": "touchStart",
                "timestamp": 1622138537992,
                "touchID_abs": 1,
                "touchID_rel": 0
            },
            "-MaizRM3ehdXalDdNFkN": {
                "X": 49,
                "Y": 826,
                "event": "touchMove",
                "timestamp": 1622138538021,
                "touchID_abs": 1,
                "touchID_rel": 0
            },
            "-MaizRMAZL6QZvHRygbr": {
                "X": 57,
                "Y": 829,
                "event": "touchMove",
                "timestamp": 1622138538028,
                "touchID_abs": 1,
                "touchID_rel": 0
            },
            "-MaizRMJj48KmQjaWjJX": {
                "X": 68,
                "Y": 834,
                "event": "touchMove",
                "timestamp": 1622138538036,
                "touchID_abs": 1,
                "touchID_rel": 0
            },
            "-MaizRMQ4HY6hSSt-00U": {
                "X": 84,
                "Y": 840,
                "event": "touchMove",
                "timestamp": 1622138538044,
                "touchID_abs": 1,
                "touchID_rel": 0
            },
            "-MaizRMX696MqO2fNHO-": {
                "X": 106,
                "Y": 846,
                "event": "touchMove",
                "timestamp": 1622138538050,
                "touchID_abs": 1,
                "touchID_rel": 0
            },
            "-MaizRMdqTjldtQLNDcA": {
                "X": 135,
                "Y": 850,
                "event": "touchMove",
                "timestamp": 1622138538058,
                "touchID_abs": 1,
                "touchID_rel": 0
            },
            "-MaizRMmo-_NkfKqfFUt": {
                "X": 164,
                "Y": 857,
                "event": "touchMove",
                "timestamp": 1622138538066,
                "touchID_abs": 1,
                "touchID_rel": 0
            },
            "-MaizRMtJBQbDaEF_Ipr": {
                "X": 196,
                "Y": 865,
                "event": "touchMove",
                "timestamp": 1622138538074,
                "touchID_abs": 1,
                "touchID_rel": 0
            },
            "-MaizRN0NkaVft8R7mqR": {
                "X": 234,
                "Y": 874,